,video_id,trending_date,title,channel_title,category_id,publish_time,tags,views,likes,dislikes,comment_count,description,Days_in_TopTrending,like_rate,willing_to_like,willing_to_comment,like_or_not,category,sub_category
0,0f7CuSU_huU,2018-01-14 00:00:00,1992 Chevy Lumina Euro commercial,lugnutsoldcrap,2,2013-03-10 16:41:59,"1992|""92""|""90s""|""chevy""|""chevrolet""|""lumina""|""euro""|""es""|""eurosport""|""car""|""cars""|""commercials""|""ads""|""gm""|""general""|""motors""",6570,15,0,8,1992 ad for the Chevrolet Lumina Euro model,1770,1.0,0.002283105022831,0.0012176560121765,1,Autos & Vehicles,great cars series
1,UpGPcHrVUZI,2017-12-08 00:00:00,1991 Pontiac Lineup Commercial - With Patrick Stewart Narrating,Car Commercials of the Past,2,2015-09-03 06:01:12,"pontiac line|""old pontiac line commercial""|""old pontiac commercial""|""old car commercials""|""old car commercial""",4842,23,1,6,"Hello everybody to another car commercial of the past! Here today, we have a unique car commercial for you guys. A commercial that features the Pontiac lineup for 1991, with the voice of Patrick Stewart narrating over the commercial! Some of the vehicles featured in this commercial are already talked about in my other car commercial videos like the LeMans and Bonneville, so I'll talk about the Pontiac Grand Prix featured in this commercial. \n\nThe Grand Prix had a base 3.1 Liter, 6 cylinder engine that produced 140 horsepower at 4400 RPM with 185 LB-FT of Torque at 3200 RPM. A more powerful 3.4 Liter V6 that produced 210 Horsepower was available as an option.\n\nThe base transmission  on the Grand Prix was a 3 speed automatic, with a 4 speed automatic and 5 speed manual being available as options. Fuel mileage with the optional 4 speed automatic was a decent 17 MPG city, 28 MPG highway. \n\nTwo body styles were offered on the Grand Prix; a 2 door coupe or 4 door sedan. The GT model trim only came in a 2 door coupe.\n \nThree trim levels were offered on the Grand Prix; the LE base trim, the SE mid range trim, the more luxurious STE model trim, and the sport oriented GT trim. The MSRP for the LE entry level trim in a 4 door sedan layout was $14,779, the MSRP for the SE mid range trim was $15,769, the MSRP for the luxury STE model trim in a 4 door layout was $20,479 and the MSRP for the 2 door GT coupe was $19,369.\n\nIf you wanted a modestly priced sport oriented 2 and 4 door vehicle that was Domestic, provided somewhat good performance, matched with decent gas mileage and sleek looks in 1991, then the Pontiac Grand Prix was the car for you.\n\nThere are many more old car commercials uploaded on my channel and many more to come, so check my channel often for more videos!\n\n(Disclosure: I do not own this old car advertisement commercial as it belongs to the General Motors Automobile Corporation.)",826,0.9583333333333334,0.0049566294919454,0.0012391573729863,1,Autos & Vehicles,commerical
2,Ow-plaMZHT8,2018-01-25 00:00:00,old dodge stratus commercial,jeremiah johnson,2,2016-05-13 20:47:57,"dodge stratus|""dodge stratus commercial""|""commercial""|""dodge""|""stratus""|""gage""|""car""|""slow""|""hour""|""distance""|""america""|""expensive""|""speedometer""|""white""|""miles""|""carpool""|""haul""|""kilometers""|""per""|""foreign""|""engine""|""black""|""united""|""energy""|""over""|""gas""|""states""|""efficient""|""mileage""|""check""|""speed""|""quality""|""powered""|""hybrid""|""oil""|""europe""|""hydro""|""fast""|""china""",3362,4,4,4,old dodge stratus commercial Check this out! http://tinyurl.com/stickfunny,621,0.5,0.0023795359904818,0.0011897679952409,0,Autos & Vehicles,great cars series
3,UUreMfN5eNA,2018-01-04 00:00:00,Rubik's Cube Table Version 2,nothorwitzer,2,2017-10-30 01:30:42,"rubiks|""rubik's""|""cube""|""rubiks cube""|""furniture""|""hidden chest""|""woodworking""|""puzzle""",41799,679,88,118,"A newer version of my Rubik's Cube table. This one has identical dimensions to the first, but operates differently.",65,0.8852672750977836,0.0183497212851982,0.0028230340438766,0,Autos & Vehicles,
4,rDGt6F3xTcw,2018-01-24 00:00:00,FIRST LOOK AT FAST AND FURIOUS LIVE (REHEARSALS AND STUNTS),Nicki Shields,2,2017-12-20 10:17:07,"FAST & FURIOUS LIVE|""Fast & Furious Stunts""|""Nicki Shields""|""Shields Drives""|""Stunt Driving""|""presenter""|""female""|""motorsport""|""vlogger""|""fast and furious""|""fast and furious live""|""fast and furious tokyo drift""|""tokyo drift""|""vin diesel""|""driving""|""dodge charger""",35573,230,19,19,After experiencing the launch of Fast and Furious Live I was very excited to be invited down to get an exclusive first look at how rehearsals were going. I can safely say - I was blown away!  \n\nhttp://instagram.com/NickiShields\nhttps://www.facebook.com/nickishieldspresenter\nhttp://twitter.com/NickiShields,34,0.923694779116466,0.0069996907767126,0.0005341129508334,1,Autos & Vehicles,great cars series
5,IOLzpBzUXZs,2018-03-05 00:00:00,The Teslonda in action - Tesla powered Honda Accord,Jimmy Built,2,2018-02-14 21:09:43,"tesla|""teslonda""|""tesla powered""|""tesla drag race""|""cvcc""|""tesla powered honda""|""jimmy built""",519161,1899,45,235,"https://www.instagram.com/jimmy.built/\n\nPlease subscribe, we're making more videos all the time. \n\nSome of our first 0-60 mph testing in Teslonda. We managed to get 2.7 seconds out of her, and that is with 38 degree asphalt, cold tires and a cold battery. I'm thinking 2.5 seconds is possible.\n\nInstagram: @jimmy.built and @teslonda\n\nWe'll be making a longer video showing more of the build in the coming weeks. Questions? teslonda (at) gmail.com",18,0.976851851851852,0.0037445031502751,0.0004526534157997,1,Autos & Vehicles,great cars series
6,JRocY48P0qA,2018-04-15 00:00:00,The Toyota Previa Is the Weirdest Minivan Ever,Doug DeMuro,2,2018-03-29 15:55:16,"toyota previa|""previa""|""minivan""|""toyota minivan""|""toyota estima""|""toyota van""|""weird van""|""weird minivan""|""weird toyota minivan""|""doug demuro""|""demuro""",1549098,28255,1792,9103,GO READ MY COLUMN! http://autotradr.co/Oversteer\nhttps://www.autotrader.com/research/article/car-video/275411/video-the-toyota-previa-is-the-weirdest-minivan-ever.jsp\n\nThe Toyota Previa is a minivan -- but it's not just any minivan. It's a really weird minivan. Today I'm reviewing a Toyota Previa to show you why the Previa is the weirdest minivan ever.\n\nFOLLOW ME!\nFacebook - http://www.facebook.com/ddemuro\nTwitter - http://www.twitter.com/dougdemuro\nInstagram - http://www.instagram.com/dougdemuro\n\nDOUGSCORE CHART: https://docs.google.com/spreadsheets/d/1KTArYwDWrn52fnc7B12KvjRb6nmcEaU6gXYehWfsZSo,16,0.9403601025060738,0.0193964487721241,0.0058763228665972,1,Autos & Vehicles,great cars series
7,r2H8Oqm1eQ4,2018-04-25 00:00:00,Why Expensive Cars Aren't Always Reliable,Engineering Explained,2,2018-04-08 14:00:07,"expensive car|""new car""|""used car""|""buy car""|""reliable car""|""luxury car""|""mercedes""|""mercedes s560""|""mercedes s560 cabriolet""|""daimler""|""luxury""|""expensive""|""brand new""|""cars""|""engineering explained""",497048,10655,856,2149,"Why Luxury Cars Don't Need To Be Reliable\nIt's Too Complicated, It Won't Last, It's A Mechanical Nightmare?\nEE Shirts! - http://bit.ly/2BHsiuo\nRecommended Books & Car Products - http://amzn.to/2BrekJm\nSubscribe for new videos every Wednesday! - https://goo.gl/VZstk7\n\nHow do cars work? It's a simple question, though the answer is quite complicated. And it varies tremendously based on what car we're talking about. A $20,000 compact is far more simple than the $155,000 Mercedes S560 Cabriolet driven in this video. With that extra cost comes luxuriousness, the latest technology, and all kinds of features that most drivers will never even know the car has. \n\nOften, complexity is associated with unreliability, and though they may often correlate, that doesn't mean complexity causes unreliability. In the case of luxury cars, it's important to consider who the buyer is. In this video, we'll discuss why it may be a win-win for both manufacturers and consumers to have expensive cars that aren't necessarily reliable. \n\nEngineering Explained is a participant in the Amazon Influencer Program.\n\nDon't forget to check out my other pages below!\nFacebook: http://www.facebook.com/engineeringexplained\nOfficial Website: http://www.howdoesacarwork.com\nTwitter: http://www.twitter.com/jasonfenske13\nInstagram: http://www.instagram.com/engineeringexplained\nCar Throttle: https://www.carthrottle.com/user/engineeringexplained\nAmazon: https://www.amazon.com/shop/engineeringexplained\nEE Extra: https://www.youtube.com/channel/UCsrY4q8xGPJQbQ8HPQZn6iA\n\nNEW VIDEO EVERY WEDNESDAY!",16,0.9256363478411954,0.0231587291368238,0.004323526098083,1,Autos & Vehicles,great cars series
8,SpdgahDp2Wg,2018-04-17 00:00:00,The Best Wiper Blades in the World and Why,Scotty Kilmer,2,2018-04-02 12:00:02,"wiper blades|""wiper blades explained""|""best wiper blade""|""windshield wipers""|""wiper blade""|""best windshield wipers""|""best windshield wipers for winter""|""best windshield wipers for snow and rain""|""best wiper blades review""|""best wiper blades for rain""|""the best""|""best""|""windshield wiper blades""|""best in the world""|""why""|""rubber wiper blades""|""rubber wiper vs silicone wiper""|""silicone vs rubber wiper blades""|""silicone wiper blades""|""car""|""car repair""|""diy""|""scotty kilmer""|""wiper blades review""|""review""",462810,14667,354,8052,"Wiper blades explained and which type is best for your car's windshield, DIY with Scotty Kilmer. Rubber wiper blades versus silicone wiper blades, which is better? How wiper blades are made and how they work in your car. The history of wiper blades. Windshield wiper blades review and why silicone blades are the best. DIY car repair with Scotty Kilmer, an auto mechanic for the last 50 years. Scotty Kilmer, gives you a chance to win a car product, by entering in this weekly giveaway. \n\nMechanic Monday Official Rules:\n1. The Mechanic Monday Giveaway will begin April 2nd at 7 am CST and run for six days, ending on April 8th at 9 am CST.\n2. There will be one winner of a pair of silicone wiper blades valued at $50.\n3. To enter, simply leave one non-offensive comment in the video below.\n4. Only one comment per entrant is allowed and more than one comment will not increase your odds of winning.\n5. Must be 18 years or old at the time of entering this giveaway OR have your parents‚Äô permission.\n6. This giveaway is open worldwide.\n7. Any offensive, obscene, or lude comments will be ineligible to win the giveaway.\n8. The odds of winning are based on how many people enter the giveaway.\n9. The winner will be chosen at random.\n10. The winner will receive a reply to their originally posted comment in the video and will also be announced in a newly posted comment by Scotty around Sunday 9 am CST. The winner will be required to respond to Scotty‚Äôs comment within 24 hours or their win will become void and a new winner will be chosen at random. \n11. The winner will be required to give Scotty their full name and mailing address to receive the prize.\n12. Entrants that use computers, programs, or any other means of cheating by adding additional comments through more than one account, will be ineligible to win the giveaway.\n13. Standard mailing time from the win date and the date received, will depend on the winner‚Äôs geographic location.\n14. This giveaway complies with all applicable federal, state, and local laws, rules, and regulations, including U.S. sanctions.\n15. Entrants that do not comply with YouTube‚Äôs Community Guidelines will be disqualified: https://www.youtube.com/yt/about/policies/#community-guidelines\n16. This giveaway is in no way sponsored, administered, or associated with YouTube. Entrants are required to release YouTube from any and all liability related to this giveaway.\n17. Privacy notice: any and all personal data collected from the entrants and winner will only be used to announce the giveaway winner. The winner‚Äôs full name and address will only be used to mail the giveaway prize to the winner and nothing else. If you do not agree to these terms, then do not enter the giveaway.\n\n‚¨áÔ∏èThings used in this video:\n1. Silicone Wiper Blades: https://amzn.to/2Eby5oX\n2. Disposable Gloves: http://amzn.to/2z4TygG\n3. Shop Towels: http://amzn.to/2jGDfkA\n4. 4k Camera: http://amzn.to/2C2uTMU\n5. Mini Microphone: http://amzn.to/2newgV9\n6. My computer for editing / uploading: http://amzn.to/2i2sKYz\n7. Video editing software: http://amzn.to/2jv5Fhf\n8. Thumbnail software: http://amzn.to/2k7tz6C\n\nüõ†Check out my Garage to see what I use every day and highly recommend:\nhttps://www.amazon.com/shop/scottykilmer\n\n‚ñ∫ Subscribe and hit the notification bell for all new videos: https://www.youtube.com/user/scottykilmer\n\nScotty on Social:\nFacebook ‚ñ∫ https://www.facebook.com/scottymechanic/\nInstagram ‚ñ∫ https://www.instagram.com/scotty_the_mechanic/\nTwitter ‚ñ∫ https://twitter.com/Scottymechanic?lang=en\n\nThis is the people's automotive channel! Learn how to fix your car and how it works. Get a chance to show off your own car on Sundays. Or show off your own car mod on Wednesdays. Tool giveaways every Monday to help you with your own car projects. We have a new video every day! I've been an auto mechanic for the past 50 years and I'm here to share my knowledge with you.\n\nHere's our weekly video schedule:\nMonday: Tool giveaway\nTuesday: Auto repair video\nWednesday: Viewers car mod show off\nThursday: Live podcast, car question and answer\nFriday: Auto repair video\nSaturday: Second Live podcast, car question and answer\nSunday: Viewers car show off\n\n\nScotty Kilmer is a participant in the Amazon Influencer Program.",14,0.976432993808668,0.032456083489985,0.0173980683217735,1,Autos & Vehicles,great cars series
9,oOZ_Q6qzXuw,2018-03-05 00:00:00,"Here's a Tour of a $50,000 Honda Odyssey Minivan",Doug DeMuro,2,2018-02-20 16:58:31,"honda odyssey|""odyssey""|""luxury minivan""|""honda odyssey elite""|""odyssey elite""|""odyssey touring elite""|""honda odyssey vaccuum""|""hondavac""|""cabinwatch""|""cabintalk""|""honda cabinwatch""|""honda cabintalk""|""expensive minivan""|""honda luxury van""|""doug demuro""|""demuro""",1110127,21698,1193,7503,"GO READ MY COLUMN! http://autotradr.co/Oversteer\nhttps://www.autotrader.com/research/article/car-video/273919/video-heres-a-tour-of-a-50000-honda-odyssey-minivan.jsp\n\nThe 2018 Honda Odyssey Elite is a $50,000 minivan. Today I'm reviewing the 2018 Odyssey Elite to show you what you get when you spend $50,000 on a Honda Odyssey.\n\nFOLLOW ME!\nFacebook - http://www.facebook.com/ddemuro\nTwitter - http://www.twitter.com/dougdemuro\nInstagram - http://www.instagram.com/dougdemuro\n\nDOUGSCORE CHART: https://docs.google.com/spreadsheets/d/1KTArYwDWrn52fnc7B12KvjRb6nmcEaU6gXYehWfsZSo",12,0.9478834476431786,0.0206201632786158,0.0067586861683392,1,Autos & Vehicles,great cars series
10,JnepCulEQOo,2018-01-04 00:00:00,"Watch Tesla's Secret Santa Mode!  Easter Egg with Icy Roads, Reindeer, Jingle Bells and More",DragTimes,2,2017-12-23 23:57:32,"tesla|""model s""|""model x""|""easter egg""|""tesla santa mode""|""santa mode""|""tesla holidays""",168863,1181,282,255,"The HIDDEN Easter Egg inside this is revealed by saying Ho Ho Ho Not Funny as a voice command to the car!\n\nTesla released a new easter egg for the Holidays called Santa Mode, watch us enable it and show you what it does!\n\nSupport DragTimes on it's quest for a new Tesla Roadster, use this link if you are buying a Tesla to save $ and help us: http://www.dragtimes.com/tesla.php",11,0.8072453861927547,0.0086638280736455,0.001510099903472,0,Autos & Vehicles,great cars series
11,azUbCdcAeFM,2018-05-21 00:00:00,Tesla 2018,Tesla,2,2018-05-10 01:03:00,"tesla|""model s""|""model x""|""model 3""|""powerwall""|""electric car""|""elon musk""|""ludicrous""|""battery""",1052662,40690,627,2739,https://www.tesla.com/,10,0.9848246484497908,0.039250015674547,0.0026019748029281,1,Autos & Vehicles,great cars series
12,WIWb8f1WIyQ,2018-01-04 00:00:00,"PART 1 | Gwen Stefani with Blake Shelton | Instagram | December 24, 2017 | Christmas Eve with family",Famous Celebrities Snaps,2,2017-12-25 03:08:33,"famous|""celebrities""|""actor""|""actress""|""stories""|""snapshot""|""snap""|""instagram""|""apollo""|""zuma""|""gwen""|""blake""|""shefani""|""mistletoe""",485534,0,0,784,"Like, Share and Subscribe!",9,0.0,0.0,0.0016147169920129,0,Autos & Vehicles,
13,s0Uxzh1E94U,2018-04-07 00:00:00,Genetic Select by Lexus,LexusVehicles,2,2018-03-28 12:00:12,"Lexus Genetic Select|""Lexus April Fools""|""23andMe""|""Lexus and 23andMe""|""DNA""|""Genetic Select by Lexus""|""23 and me and Lexus""|""Lexus commerical""|""April Fools""",1823117,2205,258,301,Introducing Genetic Select by Lexus in partnership with 23andMe. The world‚Äôs first service that uses human genetics to match you with the car of your genes. Learn more at http://www.lexus.com/geneticselect. #GeneticSelect #ExperienceAmazing \n\n\nGo to our website:¬†http://www.lexus.com¬†\nFind us on Facebook:¬†http://www.facebook.com/lexus¬†\nFind us on Google+:¬†http://www.plus.google.com/...¬†\nFollow us on Twitter:¬†http://twitter.com/lexus¬†\nFollow us on Instagram:¬†http://instagram.com/lexususa\nLexus Drivers:¬†http://drivers.lexus.com¬†\nSEE:¬†https://see.lexus.com¬†¬†\n¬†\nAbout Lexus: Welcome to the official Lexus YouTube channel. This is your front-row seat to Experiencing Amazing.\n¬†\nYouTube:¬†http://www.youtube.com/lexus,9,0.8952496954933008,0.0013509829594041,0.0001651018557777,0,Autos & Vehicles,great cars series
14,98QDI87DdcY,2018-02-19 00:00:00,What's inside 2018 Mercedes A-Class?,WHAT'S INSIDE? FAMILY,2,2018-02-10 16:30:00,"Top in car Mercedes Tech revealed|""mercedes""|""carwow""|""mat watson""|""4k review""|""top 10""|""amg""|""car""|""a-class""|""interior""|""infotainment""|""comand""|""autonomous""|""review""|""new""|""technology""|""voice control""|""mercedes benz""|""mercedes amg""|""amsterdam""|""netherlands""|""car launch""",154363,2603,324,485,First Look inside the most advanced in car Tech in ANY Mercedes!\nAlso watch Mercedes Electric Car: https://youtu.be/vYZGKHc2zdY\n\nWatch Zacks video here: https://youtu.be/9te83XGyLqg\n\nHere is our Current Car: https://youtu.be/eD5yKcxxylA\n\nThanks Mercedes for the awesome trip to Amsterdam to see this car! Stoked for the future of Tech in Cars!,8,0.8893064571233344,0.0189617978401559,0.003141944636992,0,Autos & Vehicles,great cars series
15,glHNu91zUdA,2018-03-06 00:00:00,Volkswagen Gassed Monkeys To Prove Diesels Are Clean,Engineering Explained,2,2018-02-25 15:00:06,"vw diesel monkey|""monkeys""|""vw""|""volkswagen""|""dieselgate""|""vw tested monkeys""|""vw dieselgate""|""vw clean diesel""|""crab-eating macaque""|""netflix""|""new york times""|""defeat device""|""vw gassed monkeys""|""diesel monkey gas""|""diesel""|""vw beetle""|""volkswagen beetle""|""vw tdi""|""tdi""|""vw beetle tdi""|""engineering explained""|""be kind""|""do good""",186453,7332,279,2334,"How Volkswagen's Diesel Defeat Device Works\nDonate to West Virginia University - https://give.wvu.edu/\nEE Shirts! - http://bit.ly/2BHsiuo\nRecommended Books & Car Products - http://amzn.to/2BrekJm\nSubscribe for new videos every Wednesday! - https://goo.gl/VZstk7\n\nRelated Links:\nNetflix Documentary - http://bit.ly/2EPC0sE\nWhat is Dieselgate? - http://bit.ly/2ojm3Vt\nHow VW Defeat Device Works - http://nyti.ms/2sb17in\nVW Emissions Systems - http://bit.ly/2GAJrEz\nVW Monkey Testing - http://nyti.ms/2oroCVF\n\nUnder the disguise of the EUGT, a European research group aimed at studying transportation and health, VW oversaw a study in which crab-eating macaques were placed in chambers, forced to inhale diesel exhaust fumes, in an attempt to prove that modern diesel vehicles are much cleaner than their predecessors. \n\nNot only were monkeys exposed to toxic emissions, but the test was all a lie, as Volkswagen oversaw testing to verify their 'defeat device' was working properly, ensuring that the results would skew in VW's favor. And yet even after West Virginia University discovered the corruption, VW wouldn't announce that the defeat device worked until it had been proven again through testing by the California Air Resources Board. It's a reminder that we all need to be better, do better, and do the right thing. \n\nEngineering Explained is a participant in the Amazon Influencer Program.\n\nDon't forget to check out my other pages below!\nFacebook: http://www.facebook.com/engineeringexplained\nOfficial Website: http://www.howdoesacarwork.com\nTwitter: http://www.twitter.com/jasonfenske13\nInstagram: http://www.instagram.com/engineeringexplained\nCar Throttle: https://www.carthrottle.com/user/engineeringexplained\nAmazon: https://www.amazon.com/shop/engineeringexplained\nEE Extra: https://www.youtube.com/channel/UCsrY4q8xGPJQbQ8HPQZn6iA\n\nNEW VIDEO EVERY WEDNESDAY!",8,0.9633425305478912,0.0408199385367894,0.0125178999533394,1,Autos & Vehicles,great cars series
16,zMKI64iY2CY,2018-02-16 00:00:00,Falcon Heavy Makes History - Cheaper Spaceflight,ColdFusion,2,2018-02-08 10:02:35,"Coldfusion|""TV""|""Dagogo""|""Altraide""|""Technology""|""Apple""|""Google""|""Samsung""|""Facebook""|""Tesla""",302660,19060,227,1868,"Subscribe here: https://goo.gl/9FS8uF\nBecome a Patron!: https://www.patreon.com/ColdFusion_TV\nCF Bitcoin address: 13SjyCXPB9o3iN4LitYQ2wYKeqYTShPub8\n\nSpaceX has successfully tested the Falcon Heavy Rocket, proving that large-volume reusable rockets are indeed feasible. This is set to drastically reduce the price of space travel.\n\nHi, welcome to ColdFusion (formerly known as ColdfusTion).\nExperience the cutting edge of the world around us in a fun relaxed atmosphere.\n\nSources:\n\nhttp://www.abc.net.au/news/2018-02-07/spacex-rocket-takes-sports-car-into-space/9403618\n\nhttps://www.popularmechanics.com/space/rockets/a16640150/falcon-heavy-launches-most-powerful-rocket-world/\n\nPost-Launch Press Conference: https://www.youtube.com/watch?v=KORTP545vAc \n\n//Soundtrack//\n\nComing Soon\n\n¬ª Google + | http://www.google.com/+coldfustion\n\n¬ª Facebook | https://www.facebook.com/ColdFusionTV\n\n¬ª My music | http://burnwater.bandcamp.com or \n¬ª http://www.soundcloud.com/burnwater\n¬ª https://www.patreon.com/ColdFusion_TV\n¬ª Collection of music used in videos: https://www.youtube.com/watch?v=YOrJJKW31OA\n\nProducer: Dagogo Altraide\n\n¬ª Twitter | @ColdFusion_TV",7,0.9882304142686784,0.0637249719156809,0.0061719421132624,1,Autos & Vehicles,great cars series
17,muAPJiMho2Y,2017-12-23 00:00:00,DELIT DE FUITE - le Justicier de No√´l,CHRIS-RS,2,2017-12-15 16:00:03,"Z800|""Z800E""|""KAWASAKI""|""PARIS""|""GOPRO""|""CAM""|""MOTO""|""PARISIEN""|""STUNT""|""RS""|""YAMAHA""|""MT07""|""MT10""|""MT9""|""TMAX""|""H2""|""HJC""|""LORENZO""|""RIDER""|""MOTARD""|""CRASH""|""FRANCE""|""VLOG""|""YOUTUBE""|""delit de fuite""|""accident""|""crash""|""police""",3044139,97030,928,10591,"Et bien oui...encore un d√©lit de fuite, je suis toujours l√† quand il y a de l'action. C'√©tait parti pour une bonne journ√©e, j'avais mis mon costume de P√®re No√´l pour une nouvelle vid√©o. Les gens √©taient content de me voir habill√© comme √ßa et de leur faire coucou. C'est apr√®s la Place Vend√¥me que cette sc√®ne dramatique arrive. Comme la derni√®re fois, je me devais d'essayer d'arr√™ter cette personne. J'ai eu des nouvelles de l'accident√© et il se remet sans trop de mal....\n\nMa Boutique : http://www.budnbee.com/chrisrs \n\nMon FACEBOOK : https://www.facebook.com/chris.rs.142\n\nMon INSTAGRAM : https://www.instagram.com/92izilife58/?hl=fr\n\nMUSIC :\nTwelve Titans Music - We Need Heroes - https://youtu.be/lWzrsNvqV94\n\nPosition Music - Lust For Power - https://youtu.be/95DxDR1z1fk\n\nMoto...Z800 FULL \nCam...Gopro Hero 5\nLogiciel de montage...Pinacle 20\n\nN'h√©sitez pas a me dire ce que vous en pensez en commentaire toutes critiques est Toujours bonne a prendre !!!\nAh oui, si vous aimez abonnez Vous, le Dieu de la B√©cane vous le rendra !!!",7,0.9905265521958392,0.0321792138926639,0.0034791446776904,1,Autos & Vehicles,accident
18,9i3GtPIS0-4,2018-02-16 00:00:00,Making a Handheld Air Cannon Steampunk/Powerfull,colinfurze,2,2018-02-08 16:00:02,"colin|""furze""|""colinfurze""|""air""|""cannon""|""potatoe""|""gun""|""handheld""|""steampunk""|""powerful""|""how to""|""making of""|""workshop""|""metalwork""|""awesome""|""brilliant""|""best""|""rocking""|""launcher""",571347,30468,229,1417,"So like a potato Gun but has interchanagable nozzles, variable pressure and looks way better than some bits of drain pipe.\n\nNext video will see how much fun it is.\n\nCrazy inventions\nhttps://www.youtube.com/playlist?list=PLGjbAdaOBLBkRhaLzdPjTMvVrRnm1qTrf\n\nEpic Machines\nhttps://www.youtube.com/playlist?list=PLGjbAdaOBLBnaHyo8G3xt7cVTg5asaR3L\n\ncheck on my social channels for more\n\nTwitter https://twitter.com/colin_furze\nInstagram https://www.instagram.com/realcolinfurze/\nFacebook https://www.facebook.com/Colin-furze-521680751253584\n\nMusic\n\nTrack 1 The Deal and is by Banjax more on them here https://banjax.bandcamp.com\n\nTrack 2 is Airplain and is by rescape, check out the video here https://www.youtube.com/channel/UCXXpZKiY8SSlkmPBg1B4eyA \n\nIn a band, want your music on my videos! Send your tracks to furzemail@yahoo.co.uk as all music on this channel is from viewer's",7,0.9925399876209402,0.0537274195891463,0.0024801040348509,1,Autos & Vehicles,
19,oMOljrWUUXc,2018-02-13 00:00:00,Official Jeep Super Bowl Commercial | Jeep Jurassic,Jeep,2,2018-02-05 02:00:12,"Jeff Goldblum|""Jeep off roading""|""jeep off road""|""jeep dealership""|""jeep dealership test drive""|""tyrannosaurus rex""|""dinosaurs jeep""|""jeep driving""|""jeep super bowl commercials""|""jeep super bowl ad""|""jeep ad""|""jeep sb video""|""jeep super bowl video""|""jurassic commercials""|""2018 jeep Wrangler""|""jeep sb ad""|""jeep sblii commercials""|""2018 Super Bowl""|""jeep official super bowl ad""|""jeep official Super Bowl commercial""|""jurassic world""|""jurassic park""|""jeep dinosaur chase""|""trex jeep""",11135294,15412,608,1309,"Marvel at the unmatched capability of the All-New 2018 Jeep¬Æ Wrangler as it goes head-to-head with the mighty T-Rex, in our 2018 Big Game Commercial. And, see Jurassic World: Fallen Kingdom, in theaters June 22.\n\n\n\nFor more than 75 years, the Jeep name has been indelibly associated with freedom, authenticity, adventure and passion. These are vehicles for ‚Äúdreamers and doers‚Äù - forging extraordinary, uncommon bonds between themselves and their owners, because adventure is found in every Jeep vehicle‚Äôs DNA. The Jeep badge stands for more than a brand. In truth, it‚Äôs a badge of honor. \n\nSubscribe to the Jeep brand YouTube channel: https://www.youtube.com/Jeep \n\nFollow The Jeep brand on Social: \n¬∑ Facebook: https://www.facebook.com/jeep \n¬∑ Twitter: https://twitter.com/jeep \n¬∑ Instagram: https://instagram.com/jeep \n¬∑ Tumblr: http://jeep.tumblr.com/ \n¬∑ Jeep Blog: http://blog.jeep.com/ \n¬∑ Pinterest: https://www.pinterest.com/jeep/",7,0.962047440699126,0.0014386687949146,0.0001175541480988,1,Autos & Vehicles,great cars series
20,X2BfTXIwABo,2018-02-28 00:00:00,MARVEL COMICS 2018: A Fresh Start,Marvel Entertainment,2,2018-02-20 15:00:05,"marvel|""comics""|""comic books""|""nerdy""|""geeky""|""super hero""|""superhero""|""marvel publishing""",400237,9618,732,2447,"New Creative Teams. New Series. New Directions. New Beginnings. Make Mine Marvel!\n‚ñ∫ Subscribe to Marvel: http://bit.ly/WeO3YJ\n\nFollow Marvel on Twitter: ‚Ä™https://twitter.com/marvel\nLike Marvel on FaceBook: ‚Ä™https://www.facebook.com/Marvel\n\nFor even more news, stay tuned to:\nTumblr: ‚Ä™http://marvelentertainment.tumblr.com/\nInstagram: https://www.instagram.com/marvel\nGoogle+: ‚Ä™https://plus.google.com/+marvel\nPinterest: ‚Ä™http://pinterest.com/marvelofficial",7,0.9292753623188406,0.0258596781407016,0.0061138775275649,1,Autos & Vehicles,great cars series
21,76XBys_HXq4,2018-02-11 00:00:00,Toyota 2018 Big Game Ad: One Team (Extended Cut),Toyota USA,2,2018-02-03 13:00:06,"Toyota|""Toyotathon""|""ToyotaUSA""|""Let's Go Places""|""Entune""|""Car""|""Automobile""|""Vehicle""|""Toyotausa""|""Toyotavideo""|""commercial""|""Toyota 2018 Big Game Ad (Extended Cut) | Toyota""|""superbowl 2018""|""super bowl 2018""|""super bowl commericials""|""super bowl 2018 commercial""|""toyota superbowl""|""super bowl ads""|""2018 super bowl commercials""|""super bowl commercials""",213341,904,103,94,"We're all one team. Visit http://Toyota.com. #LetsGoPlaces\n\nSUBSCRIBE: http://bit.ly/ToyotaSubscribe\n\nAbout Toyota:\nWe‚Äôre in the business of making great cars and trucks. But we also work every day to apply and share our know-how in ways that benefit people, the community and our planet in order to build a better tomorrow. We‚Äôve been a part of life in America for over 50 years. And while we‚Äôre passionate about making great cars and trucks, our story is about much more than our vehicles. \n\nConnect with Toyota USA online:\nVisit the Toyota WEBSITE: http://bit.ly/ToyotaSite\nLike Toyota on FACEBOOK: http://bit.ly/ToyotaUSAFB\nFollow Toyota on TWITTER: http://bit.ly/ToyotaTwitter\nFollow Toyota on INSTAGRAM: http://bit.ly/ToyotaInsta\n+1 Toyota on GOOGLE+: http://bit.ly/ToyotaUSAGplus\n\nToyota 2018 Big Game Ad: One Team (Extended Cut)\nhttp://www.youtube.com/user/ToyotaUSA",7,0.8977159880834161,0.0047201428698656,0.0004406091656081,0,Autos & Vehicles,great cars series
22,wJJqGh2HLM8,2018-02-12 00:00:00,Hope Detector | Hyundai NFL Super Bowl LII,HyundaiUSA,2,2018-02-04 23:31:40,"Hyundai|""Hyundai Super Bowl""|""Hyundai surprise""|""Hyundai commercial""|""Hyundai NFL""|""Hyundai Hope on Wheels""|""Hope on Wheels""|""Super Bowl LII commercial""|""Super Bowl""|""Super Bowl LII""|""big game commercial""|""the big game""|""NFL""|""NFL game""|""JumpLA""|""Hyundai superbowl""|""Hyundai superbowl commercial""|""NFL championships""|""Hyundai Sponsorship""|""super bowl 2018""|""Childhood cancer""|""pediatric cancer""|""security""|""metal detector""|""hope""|""Super Bowl 52""|""World Cancer Day""",15904385,1088,2175,118,"What if metal detectors detected something more? See how we surprised our Hyundai owners at this year's Super Bowl LII.\n\nLearn more about our greatest feature.  https://hyundaius.co/2EGEDh9\n\nSubscribe to Hyundai on YouTube for more of our how-to's, commercials and latest videos: https://www.youtube.com/user/HyundaiUSA\n\nConnect with Hyundai online.\nWebsite: https://www.hyundaiusa.com\nFacebook: https://www.facebook.com/Hyundai/ \nTwitter: https://twitter.com/Hyundai \nInstagram: https://www.instagram.com/hyundaiusa/?hl=en",7,0.3334354888139749,0.0002051635445193,7.419337497174521e-06,0,Autos & Vehicles,great cars series
23,GKBI_bVFSfs,2018-01-26 00:00:00,Sturm Friederike - Grandiose Pilotenleistung am Airport D√ºsseldorf bei bis zu 110 km/h Seitenwind,HvdH-Plane-Spotter,2,2018-01-18 21:39:58,"HvdH|""HvdH-Film""|""Hans van den Hoevel""|""HvdH.info""|""HvdH-Film.de""|""HvdH-Time-Lapse""|""HvdH-Plane-Spotter""|""Aviation""|""Plane-Spotter""|""Plane-Spotting""|""Strum Friederike""|""Seitenwind Landungen""|""Crosswind""|""Orkan""|""D√ºsseldorf Flughafen""|""Airport D√ºsseldorf""|""Storm""|""Crosswind Landing""",5179255,28582,1196,2559,"Super Pilotenleistung bei Windgeschwindigkeiten mit B√∂en bis 110 km/h. Die Eurowings Dash8 Q400 D-ABQD Flug EW9203 aus Bologna landete bei Extrembedingungen ohne Durchstarten zu m√ºssen.\nUsed Equipment:\n- Video cutting software: Magix Video Deluxe ‚ÄúPRO X‚Äù\nhttp://www.magix.com/de/video-pro-x/\n- Heavy Mantona Tripod\n- Panasonic HC-V757\nSony Cyber Shot DSC-HX90V\n- Rhode directional Microphone\nwww.hvdh-plane-spotter.de\nSuchbegriffe:\nSturmtief Friederike NRW, Orkantief Friederieke, Hurricane ,",7,0.9598361206259656,0.0057494755519857,0.0004940865047193,1,Autos & Vehicles,accident
24,S6YYun90S8g,2018-02-14 00:00:00,"The $85,000 Range Rover Velar Is the Coolest Range Rover Ever",Doug DeMuro,2,2018-02-06 16:57:44,"range rover velar|""velar""|""range rover""|""2018 velar""|""new range rover""|""new velar""|""range velar""|""land rover velar""|""cool range rover""|""newest range rover""|""doug demuro""|""demuro""",1291227,24475,1700,6769,"GO READ MY COLUMN! http://autotradr.co/Oversteer\n\nThe 2018 Range Rover Velar is the newest Range Rover ever -- and it's also the coolest. Today I'm reviewing a Range Rover Velar to see why the Velar is so cool -- and to show you everything important about the $85,000 2018 Velar.\n\nFOLLOW ME!\nFacebook - http://www.facebook.com/ddemuro\nTwitter - http://www.twitter.com/dougdemuro\nInstagram - http://www.instagram.com/dougdemuro\n\nDOUGSCORE CHART: https://docs.google.com/spreadsheets/d/1KTArYwDWrn52fnc7B12KvjRb6nmcEaU6gXYehWfsZSo",7,0.9350525310410696,0.0202714162575596,0.0052423005404936,1,Autos & Vehicles,great cars series
25,cqg5oc20nxk,2018-02-13 00:00:00,Official Ram Trucks Super Bowl Commercial | Icelandic Vikings | We Will Rock You,Ram Trucks,2,2018-02-05 00:00:01,"Ram Trucks Commercial|""Ram Super Bowl Commercial""|""Ram Superbowl Ad""|""Ram Superbowl Commercials""|""Ram Icelandic Vikings""|""Ram Queen Song""|""Ram Vikings Super Bowl Commercial""|""Ram We Will Rock You""|""Ram Queen Super Bowl Commercial""|""Ram Viking Truck Commercial""|""Ram Viking Commercial""|""Ram We Will Rock You Commercial""|""Ram Trucks We Will Rock You Super Bowl""|""Ram Trucks We Will Rock You Vikings""|""Ram Trucks Viking Super Bowl Ad""|""Ram Trucks Viking Commercial""|""Ram Trucks Viking Super Bowl""",25244097,6971,1301,875,"The All-New Ram 1500 is designed to take on the most epic adventures, including this one - hauling a horde of Vikings across the Icelandic tundra, towing a massive Viking ship, all while singing a fast-paced version of Queen‚Äôs ‚ÄúWe Will Rock You.‚Äù Their journey continues over sea as they row their Viking ship with their beloved truck in tow to America but are in for a shocking surprise. Luckily, they are driving the only truck that is indeed ‚Äúbuilt for the unexpected.‚Äù\n\n\n\nWith legendary power, performance and dependability, we‚Äôre determined to work hard and play even harder, boldly forging ahead to get the job done. \n\nIf you have questions about our products or would like to contact Ram Trucks directly, please use the Contact Us option from our website: www.ramtrucks.com\n\nSubscribe to the Ram Trucks YouTube channel: https://www.youtube.com/ramtrucks \n\nFollow Ram Trucks on Social:\n‚Ä¢ Facebook: http://facebook.com/ramtrucks \n‚Ä¢ Twitter: http://twitter.com/ramtrucks \n‚Ä¢ Instagram: https://instagram.com/ramtrucks/ \n‚Ä¢ Tumblr: http://ramtrucks.tumblr.com/ \n‚Ä¢ RamZone Blog: http://blog.ramtrucks.com/",7,0.8427224371373307,0.0003276805662725,3.466156860354324e-05,0,Autos & Vehicles,commerical
26,EUwzWHD3Htg,2018-02-20 00:00:00,Range Rover Sport ‚Äì Dragon Challenge,Land Rover,2,2018-02-12 00:04:16,"Land Rover|""Range Rover""|""Range Rover Sport""|""Tianmen""|""Mountain""|""National park""|""Stairs""|""99 turns""|""99""|""999 steps""|""Heaven's gate""|""China""|""Dragon Challenge""|""Ho-Pin""|""Challenge""|""steps""|""Tung""|""Plug-In Hybrid""|""mountain road""",2396459,38119,922,1927,"Land Rover presents the Dragon Challenge: 99 hair-raising turns and 999 ferocious steps standing between the Range Rover Sport Plug-In Hybrid and Heaven‚Äôs Gate on Tianmen Mountain, China. Our most extreme test of performance and capability ever attempted.\n \nWatch the Dragon Challenge playlist here: http://bit.ly/2BTH3L1 \nVisit http://bit.ly/2H10r84 and explore the Range Rover Sport.",7,0.9763838016444252,0.0162911195225956,0.0008041030537138,1,Autos & Vehicles,accident
27,Y1n8F4uClUU,2017-11-26 00:00:00,FIA GT World Cup 2017. Qualification Race Macau Grand Prix. Huge Pile Up,CrashRacing,2,2017-11-18 04:57:43,"GT Series|""Qualification Race""|""Macau Grand Prix""|""FIA GT World Cup""|""Pile Up""|""traffic jam""|""start""|""1st lap""|""big crash""|""carnage""|""racing""|""wtf""|""Circuito da Guia""|""Sports car racing""|""Guia Circuit""|""Macau Peninsula""|""Macau (China)""|""#MacauGP""|""red flag""|""Hiroki Yoshimoto""|""Chaz Mostert""|""Fabian Plentz""|""Robin Frijns""|""Darryl O'Young""|""Romain Dumas""|""Mirko Bortolotti""|""Marco Wittmann""|""Renger Van der Zande""|""Felix Rosenqvist""|""Lucas di Grassi""|""#GTWorldCup""|""Meanwhile at Macau""|""Macau street circuit""",3460380,17465,1099,2794,Meanwhile in Macau,7,0.9407993966817496,0.0053647287292147,0.0008074257740479,1,Autos & Vehicles,accident
28,sScTRKljFUs,2018-02-27 00:00:00,360¬∞ view of Renault R.S.18,Renault Sport,2,2018-02-20 14:55:27,"F1|""Formula 1""|""Formula One""|""Reveal F1""|""Reveal""|""Reveal Renault F1""|""Renault Sport Formula One Team""|""R.S.18""|""Renault R.S.18""|""Motorsport""|""Racing""|""Fast""|""Speed""",58519,381,4,51,"Discover the new Renault Sport Formula One Team car, Renault R.S.18, in 360¬∞.",6,0.9896103896103896,0.006579059792546,0.0008715118166749,1,Autos & Vehicles,great cars series
29,qqOR3qXyTY0,2018-02-26 00:00:00,"Dodging tumbleweeds on the freeway in Echo, Oregon",fuzywazacolin,2,2018-02-19 06:25:18,"Freeway|""tumbleweed""|""Oregon""",25513,60,3,25,"(For licensing or usage, contact licensing@viralhog.com)",6,0.9523809523809524,0.0024693293615019,0.0009798926037706,1,Autos & Vehicles,
30,U0hAC8O7RoI,2017-11-20 00:00:00,"I TOOK THE $3,000,000 LAMBO TO CARMAX! They offered me......",hp_overload,2,2017-11-13 01:43:12,"carmax|""lamborghini miura""|""miura carmax""|""lamborghini carmax""|""took lamborghini to carmax""|""supercar carmax""|""selling my car at acrmax""|""lambo carmax""|""stradman""|""vehicle virgins""|""doug demuro""",1694708,43997,6027,3608,Finally took the Miura to Carmax! Hope you enjoyed!\nMake sure to subscribe and follow me on Instagram @Hp_overload,6,0.8795178314409083,0.0295177694328462,0.0021289803317149,0,Autos & Vehicles,great cars series
31,_KEN-cxmGw8,2017-12-05 00:00:00,What Jeremy Clarkson thinks about Tesla,Mashable Daily,2,2017-11-28 19:27:30,"tech|""uk""|""tesla""|""top gear""|""jeremy clarkson""|""tesla model x""|""the grand tour""|""tesla roadster""",1108618,9984,1327,2639,"Elon Musk and Jeremy Clarkson are definitely not the best of friends, but The Grand Tour host is finally warming up to the idea of electrical cars.\n\nFor more videos, subscribe to Mashable News: http://on.mash.to/SubscribeNews\n\nVisit Mashable on the web: http://mashable.com/\n\nGive us a follow:\nFacebook: https://www.facebook.com/mashable/\nTwitter: https://twitter.com/mashable\nInstagram: https://www.instagram.com/mashable/",6,0.8826805764300238,0.0102027930269939,0.0023804412340409,0,Autos & Vehicles,great cars series
32,hXzcIoq2ing,2017-12-01 00:00:00,I just bought the most ridiculous car,Simone Giertz,2,2017-11-24 18:35:34,"electric car|""electric vehicle""|""comuta car""|""citicar""|""tesla""|""lithium batteries""|""compact car""|""small car""|""weird car""|""fun cars""",633103,23991,820,2582,"I'M OBSESSED WITH MY ELECTRIC COMUTA CAR. All I want is to work on her. I didn't know I liked cars. Nobody has told me that I like cars. But I think I might be a budding gear head.\n\nüëá places where I post stuff üëá\nPATREON: https://www.patreon.com/simonegiertz\nTWITTER: http://twitter.com/simonegiertz\nFACEBOOK: https://www.facebook.com/simonegiertz/\nINSTAGRAM: https://instagram.com/simonegiertz/\nMERCHANDISE: http://simonegiertz.merchlabs.com/\n\nThanks Scott Lawrie for filming, Casey Redmon for helping edit, and to Trey Xavier for the music: http://youtube.com/geargods üíñ",6,0.9669501430816976,0.039189515765997,0.0040783253277902,1,Autos & Vehicles,great cars series
33,NKin_i1pcFA,2017-12-04 00:00:00,"The Spyker C8 Is the Quirkiest $250,000 Exotic Car in History",Doug DeMuro,2,2017-11-27 17:00:48,"spyker c8|""spyker""|""spyker c8 spyder""|""c8 spyder""|""spyker c12""|""spyker car""|""spyker sports car""|""weird car""|""exotic car""|""doug demuro""|""demuro""",1457307,29851,1032,7918,"GO READ MY COLUMN! https://www.autotrader.com/car-video/video-the-spyker-c8-spyder-is-the-quirkiest-250000-car-in-existence-271196\n\nI recently drove a Spyker C8 Spyder, which is tremendously quirky, weird, and cool. Today I'm reviewing the Spyker C8, and I'm showing you all the quirks and features of the Spyker C8 Spyder.\n\nFOLLOW ME!\nFacebook - http://www.facebook.com/ddemuro\nTwitter - http://www.twitter.com/dougdemuro\nInstagram - http://www.instagram.com/dougdemuro\n\nDOUGSCORE SPREADSHEET: https://docs.google.com/spreadsheets/d/1KTArYwDWrn52fnc7B12KvjRb6nmcEaU6gXYehWfsZSo",6,0.9665835572968948,0.0211918284891241,0.00543330952229,1,Autos & Vehicles,great cars series
34,sTvY9Llqtms,2017-12-07 00:00:00,I Built a FULL SIZE Tie Fighter/Silencer,colinfurze,2,2017-11-30 16:00:03,"colin|""furze""|""colinfurze""|""full size""|""tie fighter""|""tie silencer""|""star wars""|""the last jedi""|""epic""|""real life""|""actual size""|""visit""|""burley house""|""working""|""bb9e""|""droid""|""ebay""|""project""|""reveal""|""amazing""|""fans""|""kids""|""rougue one""|""the force awakens""|""kylo ren""|""spaceship""",1389924,50058,1125,3206,"What an epic project this has been, 46ft long 23ft wide and 14ft high the full steel construction looks as menacing as it does in the film.\nThis was an eBay project so everything was sourced from their site to bring this monster together, and to complete the ship James Bruton has made a FULLY WORKING BB-9E so this is just a Star Wars feast and you can come SEE IT YOURSELF. \n\nThe Tie fighter is on display at Burghley House in Stamford from Saturday the 2ND to Sunday the 10TH of December, I will be there on Sunday the 10th of December so come down and grab a selfie with me and the craft in real life.\n\nLocation details - The postcode is Stamford PE9 3JY or visit the Burghley house Facebook page or website \nhttps://www.burghley.co.uk\nhttps://www.facebook.com/burghleyhouseofficialpage/\n\nAlso check out eBay's video where the kids got a day they will never forget \n\nThis project would not be complete without James amazing droid so check his channel here to see him make it \nhttps://www.youtube.com/user/jamesbruton\n\nNext week's video shows how we built this monster so subscribe and check on my social channels for more\n\nTwitter https://twitter.com/colin_furze\nInstagram https://www.instagram.com/realcolinfurze/\nFacebook https://www.facebook.com/Colin-furze-521680751253584\n\nSee Last years AT-ACT project here\n\nBuild https://youtu.be/t8IYwnXgAj4\nReveal https://youtu.be/sE1mr8iCvA8\n\nThis project is being made with the support of eBay....Duh\nCheck out their HUGE selection of Star Wars products here\nhttps://www.ebay.co.uk/rpp/star-wars \n\nMusic \n\nIntro Music supplied by Disney/Lucas and is Clash Of The Mighty by Gareth Coker\n\n2nd track is by Alive Again and is called Always Forward \nhttps://aliveagain.bandcamp.com\nhttps://www.facebook.com/AliveAgainMusic/\nhttps://www.instagram.com/aliveagainmusic/\n\nThe Last track is Called 500 and is by Braincoats  \nhttps://www.facebook.com/BRAINCOATS/\nhttps://braincoats.bandcamp.com/\n\nIn a band, want your music on my videos! Send your tracks to furzemail@yahoo.co.uk as all music on this channel is from viewer's",6,0.9780200457183048,0.0368243155740889,0.002306600936454,1,Autos & Vehicles,
35,Xk_Gv89jzas,2017-11-27 00:00:00,Dominoes Pizza Delivery on Bike,ViralHog,2,2017-11-20 20:33:38,"2017|""Cars""|""NSFW ‚Äì Language""|""viralhog""|""Australia""|""bike""|""bicycle""|""bikes""|""dominos""|""pizza""|""delivery""",4524,44,7,9,"Occurred on November 8, 2017 / Glenmore Park, Australia \n\nMy mates and I were driving through Glenmore park and we saw the delivery guy on the bike and honked at him. Then, he started waving.\n\n\nTO SEE THE HOTTEST VIRAL VIDEOS DAILY...\nSubscribe to us on YouTube: https://goo.gl/A0gBKk\nLike us on Facebook: https://goo.gl/XQWqJt\nFollow us on Instagram: https://goo.gl/NMq8dl\nFollow us on Twitter: https://goo.gl/pF8Xop\n\nViralHog is the resource for the best viral content.  \nSubmit your own great video and make money: https://goo.gl/yejGkm\n\nContact licensing@viralhog.com to license this or any ViralHog video.",6,0.8627450980392157,0.0112732095490716,0.0019893899204244,0,Autos & Vehicles,bike/motorcycle
36,01AEuxSlIMg,2018-02-01 00:00:00,Lexus LS 500 F SPORT / Marvel Studios‚Äô Black Panther Commercial‚ÄîFull Length,LexusVehicles,2,2018-01-25 09:00:00,"Lexus|""lexus ls""|""lexus lc""|""lexus super bowl""|""lexus black panther""|""lexus commercial""|""lexus marvel studios black panther""|""Lexus ls 500 f sport""|""all new lexus ls""|""2018 lexus ls""|""lexus sedan""|""lexus coupe""|""lexus car""|""lexus vehicles""|""lexus car commercial""|""lexus spot""|""lexus partner""|""chadwick boseman""|""Lexus Super Bowl Commercial""",275180,942,75,140,"Experience the action-packed full-length version of ‚ÄúLong Live The King,‚Äù the thrilling commercial from Lexus and Marvel Studios‚Äô Black Panther featuring the all-new 2018 Lexus LS 500 F SPORT and King T‚ÄôChalla (a.k.a. Black Panther). With amazing stunts and driving demonstrations, ‚ÄúLong Live The King‚Äù shows why the LS 500 F SPORT is the luxury performance sedan that takes the crown.\n\nSee more from Lexus in Marvel Studios‚Äô Black Panther in theaters February 16.\n\nSee more: http://www.lexus.com/blackpanther\nGo to our website:¬†http://www.lexus.com¬†\nFind us on Facebook:¬†http://www.facebook.com/lexus¬†\nFind us on Google+:¬†http://www.plus.google.com/...¬†\nFollow us on Twitter:¬†http://twitter.com/lexus¬†\nFollow us on Instagram:¬†http://instagram.com/lexususa\nLexus Drivers:¬†http://drivers.lexus.com¬†\nSEE:¬†https://see.lexus.com\n¬†\nAbout Lexus: Welcome to the official Lexus YouTube channel. This is your front-row seat to Experiencing Amazing.\n¬†\nYouTube:¬†http://www.youtube.com/lexus",6,0.9262536873156342,0.0036957627734573,0.0005087579039174,1,Autos & Vehicles,great cars series
37,rqTpMCq8uhk,2018-01-25 00:00:00,The Original Maserati Ghibli Proves Maserati Was Once Great,Doug DeMuro,2,2018-01-18 16:56:08,"maserati ghibli|""ghibli""|""original maserati ghibli""|""maserati ghibli ss""|""maserati""|""1970s maserati""|""1960s maserati""|""maserati ghibli 1971""|""doug demuro""|""demuro""",672513,15618,584,4094,"GO READ MY COLUMN! http://autotradr.co/Oversteer\n\nTHANKS TO TOMINI CLASSICS! http://www.tominiclassics.com/\n\nThe original Maserati Ghibli, from the 1960s and 1970s, shows us why Maserati used to be great -- even though Maserati isn't very desirable anymore. Today I'm reviewing a 1971 Maserati Ghibli SS to show you a time when Maserati used to be cool.\n\nFOLLOW ME!\nFacebook - http://www.facebook.com/ddemuro\nTwitter - http://www.twitter.com/dougdemuro\nInstagram - http://www.instagram.com/dougdemuro\n\nDOUGSCORE CHART: https://docs.google.com/spreadsheets/d/1KTArYwDWrn52fnc7B12KvjRb6nmcEaU6gXYehWfsZSo",6,0.963955067275645,0.0240917275948569,0.0060876146632109,1,Autos & Vehicles,great cars series
38,sefscV3GvWM,2018-02-09 00:00:00,Good Odds | Toyota,Toyota Global,2,2018-02-02 13:00:22,"Toyota|""Olympics""|""Paralympics""|""PyeongChang 2018""|""Winter""",842594,6068,327,554,"The odds of winning a Paralympic gold medal are almost 1 billion to 1. This film follows the journey of Lauren Woolstencroft, who beat the odds to win eight Paralympic gold medals. At Toyota, we believe when we are free to move, anything is possible. So we‚Äôre on a mission to make movement better for everyone.\n\n#StartYourImpossible\nLearn about all of our mobility ideas at MobilityForAll.com.\n\nhttp://www.ottobock.com.",6,0.94886630179828,0.0075896576524399,0.0006574934072637,1,Autos & Vehicles,great cars series
39,mUSv8b-V5I4,2018-02-06 00:00:00,"Here‚Äôs Why the 2018 Lincoln Navigator is Worth $100,000",Doug DeMuro,2,2018-01-30 16:58:07,"lincoln navigator|""navigator""|""lincoln navigator black label""|""navigator black label""|""2018 navigator""|""2018 lincoln navigator""|""2018 navigator black label""|""2018 lincoln""|""doug demuro""|""demuro""",1279582,26242,1466,9559,"GO READ MY COLUMN! http://autotradr.co/Oversteer\n\nThe 2018 Lincoln Navigator Black Label is a $100,000 Lincoln SUV. Here‚Äôs a tour of the first $100,000 Lincoln, and a review of the 2018 Navigator so you can see what you get when you spend $100,000 on a Lincoln Navigator.\n\nFOLLOW ME!\nFacebook - http://www.facebook.com/ddemuro\nTwitter - http://www.twitter.com/dougdemuro\nInstagram - http://www.instagram.com/dougdemuro\n\nDOUGSCORE CHART: https://docs.google.com/spreadsheets/d/1KTArYwDWrn52fnc7B12KvjRb6nmcEaU6gXYehWfsZSo",6,0.9470910928251768,0.0216539463668604,0.0074704083052121,1,Autos & Vehicles,great cars series
40,0YVbVXOjJv4,2018-02-08 00:00:00,2018 Kia Stinger  |  Steven Tyler Big Game Ad ‚Äì Feel something again,Kia Motors America,2,2018-02-01 10:52:21,"Steven tyler|""fueled by youth""|""big game ad""|""football commercial""|""big game ad commercial""|""2018 big game ad""|""2018 kia stinger""|""kia stinger""|""stinger""|""sports car""|""2018 kia stinger gt""|""kia stinger gt""|""stinger gt""|""sports sedan""|""performance car""|""kia gt""|""kia sports car""|""kia sedan""|""new kia stinger""|""stinger kia""|""a state of mind""|""kia stinger gt2""|""2018 kia stinger gt2""|""big game commercial""",6345613,5155,281,636,"With 365 horsepower, the new 2018 Kia Stinger is a legend in the making. But what happens when it comes face to face with another legend: rock and roll icon Steven Tyler? Watch as Steven and the Stinger defy history in Kia‚Äôs 2018 Big Game ad.\n\nDid our commercial make you feel something? Then vote for it, along with your other favorites, on USA Today Admeter! www.admeter.usatoday.com\n\nhttps://www.kia.com/us/en/vehicle/stinger/2018/overview \n\nGet social with Kia:\nhttp://facebook.com/kia \nhttp://twitter.com/kia \nhttps://plus.google.com/+kia/posts \nhttp://www.pinterest.com/kiamotorsusa/\nhttp://instagram.com/kiamotorsusa/",6,0.9483075791022813,0.0008566548259403,0.0001002267235647,1,Autos & Vehicles,great cars series
41,jr7W7smqXg4,2018-02-08 00:00:00,WeatherTech Super Bowl¬Æ Commercial: American Factory,WeatherTech,2,2018-02-01 14:09:46,"WeatherTech|""Super Bowl""|""Big Game""|""Super Bowl Commercial""|""Big Game Commercial""|""Made in USA""|""American Factory""",607467,1727,149,2,"At WeatherTech, we built our new factory right her in America. Isn‚Äôt that the way it‚Äôs supposed to be?\nLearn more at: http://www.weathertech.com/behindtech/",6,0.9205756929637526,0.0030882335995206,3.2923599142011005e-06,1,Autos & Vehicles,
42,hivGryRKGvk,2018-01-09 00:00:00,[HOONIGAN] DT 190: $200 Miata Kart Build [Part 6] - Cage Build and Indoor Donuts,TheHoonigans,2,2018-01-02 08:00:02,"miata|""mazda""|""$200 mazda miata""|""custom build""|""death kart""|""kart""|""roll cage""|""build show""|""daily vlog""|""car vlog""|""fabrication""|""welding""|""custom fab work""|""custom fabrication""|""fabricator""|""metal work""|""the hoonigans""|""hoonigan""|""donut garage""|""garage life""|""long beach""|""california""|""car culture""",378901,11876,111,937,"https://www.hoonigan.com/ On today's episode of Daily Transmission, Danger Dan makes progress on the cage and celebrates with indoor donuts. \n\nThanks to:\nCosmis Wheels - @cosmisracingusa\n\nMusic:\nhttps://www.youtube.com/watch?v=y5K5_TwL35g&feature=youtu.be\n\nFollow Our Crew:\n@brianscotto\n@vin_tra\n@hertlife\n@mister_zachary\n@hngn.kikawa\n@jchase7452\n@joey_baggadonuts\n@brandonkado\n@teaguefleury\n@baker_ashley\n@larry_chen_foto\n@nadsynads\n\nWatch DT every Monday, Tuesday, Wednesday, Thursday and Friday.\n\nSUBSCRIBE and FOLLOW\nYT Subscribe: https://www.youtube.com/thehoonigans?...\nFB: https://www.facebook.com/TheHoonigans/\nIG: instagram.com/thehoonigans\nWebsite: Hoonigan.com\nTurn on notifications so you don‚Äôt miss out noob.\n\nStay fresh with the latest apparel: \nhttps://www.hoonigan.com/featured.html\n\nIntro Song: https://www.youtube.com/watch?v=9AGSWnN-mgQ\n\nWant your music featured in our videos? Hit us up at music@hoonigan.com to submit your tracks.",6,0.9907399682989906,0.031636232155629,0.0024729414807561,1,Autos & Vehicles,great cars series
43,Q1INhRBrwKM,2018-01-09 00:00:00,I Said I Would NEVER Do This To My Truck... BIG MODS INCOMING!,Street Speed 717,2,2018-01-02 04:29:12,"tj hunt|""tjhunt""|""salomondrin""|""doug demuro""|""tanner fox""|""cleetus""|""cleetus mcfarland""|""cleetusmcfarland""|""3d machines""|""3dmachines""|""jrgarage""|""jr garage""|""lance stewart""|""casey neistat""|""christian guzman""|""schmee 150""|""schmee150""|""1320 video""|""mr jww""|""jww""|""mightycarmods""|""mighty car mods""|""superspeedersrob""",236036,9351,317,1153,"CHECK OUT MY NEW SUNGLASSES!\nhttp://www.boostedshades.com/streetspeed717\nNEW KEY TAGS AVAILABLE HERE!!!\nhttps://motoloot.com/collections/street-speed-717-loot/products/street-speed-717-us-flag-keychain\n\nINSHANE DESIGNS MERCH AVAILABLE HERE!\nhttps://www.inshanedesigns.com\n\nKEY TAGS AVAILABLE HERE!\nhttps://motoloot.com/collections/street-speed-717-loot\nSHIRTS AVAILABLE HERE! https://www.inshanedesigns.com/product/streetspeed717-t-shirt/\nKEY TAGS AVAILABLE HERE!\nhttps://motoloot.com/collections/street-speed-717-loot\nhttps://motoloot.com/collections/diabloformularacing-loot\n\nCHECK OUT The Important Stuff!!! CLICK Show More Below!\nFOLLOW ME ON INSTAGRAM! https://www.instagram.com/streetspeed717/\nI Do not have a Facebook-\n\nWHERE TO BUY MY VINYL DECALS and POSTERS!!! Click The Link Below! \nhttp://inshanedesigns.com/\nhttps://www.inshanedesigns.com/product-category/vinyl-decals/\n\nSEND ME COOL SHIT! (If you want!)\nMike Streetspeed717\nP.O Box 126710\nHarrisburg PA, 17112\n\nSubscribe to the 717 Team!\nTroy's Channel! https://www.youtube.com/user/Trizzle126\nNick's Channel! https://www.youtube.com/user/gtrdude\nAndy's Channel! https://www.youtube.com/user/DiabloFormula\n\nHit Up Shane for Car Wraps!\nhttp://inshanedesigns.com/\nhttps://www.instagram.com/inshanedesigns/\n\nHit Up Andy for Performance Mods/Installs/and Tuning!\nhttps://www.youtube.com/user/DiabloFormula\nhttps://www.instagram.com/diabloformularacing/\n\nHit up Shane with Performance Diesel Warehouse for your truck Needs!\nHe's the guy who built my Duramax!\nAddress: 8211 Rabbit Ln, Grantville, PA 17028\nPhone: (717) 469-4378\n\nBig thank you to soundcloud artists! Music Info Below!\nhttps://pema.bandcamp.com/\nhttps://theartistunion.com/dyallas\nhttps://jordynedmonds.bandcamp.com/\nhttps://soundcloud.com/jordynedmonds",6,0.9672114191146048,0.040959853581657,0.0048848480740226,1,Autos & Vehicles,great cars series
44,fKpCAZy4IXg,2018-01-07 00:00:00,Thirty Car Pile up in the Snow || ViralHog,ViralHog,2,2017-12-31 05:26:22,"2017|""Cars""|""Crash""|""Fail""|""News""|""Trucks""|""USA""|""ViralHog""|""Weather""|""snow""|""ice""|""freeway""|""motorway""|""thirty""|""pile up""",101082,208,37,113,"Occurred on December 29, 2017 / Muskegon, Michigan USA\n\n My wife and I were involved in a thirty car pile up on Southbound US31 in Muskegon Michigan. We were able to avoid hitting anyone by driving in to the median so I shot video and gave a play by play of the cars crashing in. As the video is being shot we are hit three times. Cars, trucks, parts, and snow, flying everywhere.\n\nWATCH VIRALHOG VIDEOS EVERY DAY:\n\nSubscribe to us on YouTube: https://goo.gl/A0gBKk\nLike us on Facebook: https://goo.gl/XQWqJt\nFollow us on Instagram: https://goo.gl/NMq8dl\nFollow us on Twitter: https://goo.gl/pF8Xop\n\nSubmit your own great video and make money: https://goo.gl/yejGkm\n\nContact licensing@viralhog.com to license this or any ViralHog video.",6,0.8489795918367347,0.0024237747571278,0.0011179042757365,0,Autos & Vehicles,accident
45,MhneJpcGVD8,2017-11-30 00:00:00,Urus: A Super SUV with Super Sports Car DNA,Lamborghini,2,2017-11-24 16:43:25,"lamborghini|""urus""|""suv""",25839,470,13,53,"Lamborghini Chief Technical Officer Maurizio Reggiani describes the vision behind the Urus: the world‚Äôs first Super SUV, with pure Lamborghini super sports car DNA. https://lam.bo/MR_interview_yt\n\n#SinceWeMadeItPossible",5,0.9730848861283644,0.0186926738650876,0.0020511629707032,1,Autos & Vehicles,great cars series
46,RggWMGU2iYw,2017-12-13 00:00:00,CES 2018 Preview: Honda's New Robotics Concept,Honda,2,2017-12-07 11:00:03,"CES 2018 Honda's New Robotics Concept|""Honda""|""CES 2018""|""Consumer Electronics Show""|""Honda Innovation""|""Honda Robots""|""Honda Robotics""|""Honda 3E""|""Honda Concept""|""Robotics""|""AI""|""Mobility""|""Innovation""|""Technology""",73213,356,114,74,"Honda will unveil its new 3E (Empower, Experience, Empathy) Robotics Concept at CES 2018, demonstrating a range of experimental technologies engineered to advance mobility and make people‚Äôs lives better. Expressing a variety of functions and designs, the advanced robotic concepts demonstrate Honda‚Äôs vision of a society where robotics and AI can assist people in many situations, such as disaster recovery, recreation and learning from human interaction to become more helpful and empathetic.\n\nFor more Honda content, follow us on social at: \nFacebook ‚Äì https://www.facebook.com/honda\nTwitter ‚Äì https://twitter.com/honda\nInstagram ‚Äì https://www.instagram.com/honda/\nGoogle+ ‚Äì https://plus.google.com/110355594819754396833\nPinterest ‚Äì https://www.pinterest.com/honda/\nTumblr ‚Äì http://hondaloves.tumblr.com/\nSnapchat ‚Äì https://snapchat.com/add/officialhonda\nLinkedIn ‚Äì https://www.linkedin.com/company-beta/4097",5,0.7574468085106383,0.0064196249299987,0.0010107494570636,0,Autos & Vehicles,great cars series
47,yBXcNcBnImc,2018-01-23 00:00:00,The Most Expensive Countries To Buy Cool Used Cars,Car Throttle,2,2018-01-17 19:28:07,"Carthrottle|""car throttle""|""GT-R""|""Alex Kersten""|""370z""|""E92""|""S2000""|""E46""|""M3""|""EP3""|""Expensive cars""|""Maserati""|""Porsche""|""MX5""|""Money""",277651,8833,194,5592,"The used car market in the UK is one of the best in the world, where awesome cars cost peanuts and variety is king. So we wondered...where are some of the most expensive places to buy used cars?\nSubscribe to Car Throttle: http://bit.ly/CTSubscribe\n\n----- Follow Car Throttle -----\n\nSubscribe to Car Throttle: http://bit.ly/CTSubscribe\n\nOn our website: http://www.carthrottle.com\nOn Facebook: http://www.facebook.com/carthrottle\nOn Twitter: http://www.twitter.com/carthrottle\n\n----- Music by -----\n\nMusic by Ninety9Lives\nEvence - Falling\nVideo: http://youtu.be/Rc0LVEtHQRI\nDownload / Stream: http://99l.tv/FallingYU\n\n----- Credits -----\n\n‚ÄúSingapore Panorama v2.jpg‚Äù by Someformofhuman\nhttps://commons.wikimedia.org/wiki/File:Singapore_Panorama_v2.jpg\n\n‚Äú¬£‚Äôs‚Äù by Petras Gagilas\nhttps://www.flickr.com/photos/gagilas/27259828586",5,0.9785089176913704,0.0325120384943688,0.020140392074943,1,Autos & Vehicles,great cars series
48,fQvGSkTYJSE,2017-11-23 00:00:00,Elon Musk Gives First Look At Tesla's Electric Semi,Tech Insider,2,2017-11-17 14:36:39,"Tech Insider|""TI""|""Tech""|""Science""|""Innovation""|""Digital culture""|""Design""|""Technology""|""Tesla""|""Elon Musk""|""Tesla Motors""|""Semi truck""|""Electric truck""|""Cars""|""Truck""|""Transportation""|""Electric semi truck""|""Tesla truck""",836305,9164,664,3133,"Tesla CEO Elon Musk promised the company's first electric semi-truck would be mind-blowing, and he delivered. \n\nMusk took the wraps off the big rig on Thursday at Tesla's Design Studio in Hawthorne, California, and the vehicle's design was definitely what got the most attention. \n\nThe semi can go 0-60 mph in five seconds without a trailer attached. \n\nThe big rig has an impressive range of 500 miles per charge. With 80,000 pounds of cargo, it can make the same run in just 20 seconds. It can charge up to 400 miles in just 30 minutes when using a Megacharger, which is a new high-speed charger.\n\nThe interior of the vehicle is minimalistic and designed around the comfort of the driver. The driver position is placed in the center of the vehicle, instead of on the left side. This helps provide greater visibility to the driver, Musk said. The cabin is also spacious enough for the driver to stand.\n\nTesla will begin production of the vehicle in 2019. The company is currently taking reservations for the semi, but a deposit will set buyers back $5,000.\n\nRead more: http://www.businessinsider.com/sai\n\nFACEBOOK: https://www.facebook.com/techinsider\nTWITTER: https://twitter.com/techinsider\nINSTAGRAM: https://www.instagram.com/tech_insider/",5,0.9324379324379324,0.0117516934611176,0.003746240904933,1,Autos & Vehicles,great cars series
49,obkLDeO58Wo,2018-01-14 00:00:00,Watch the ALL-NEW BMW M5 refuel mid-drift to take TWO GUINNESS WORLD RECORDS‚Ñ¢ titles,BMW USA,2,2018-01-08 23:10:57,"BMW|""BMWUSA""|""all-new M5""|""M5""|""BMW M""|""drift""|""drifting""|""BMWM5""|""stunt""|""refuel""|""skidpad""|""skid""|""record""|""worldrecord""|""guinness book""|""guinness world record""|""M5Drift""",1198379,10795,287,796,"It‚Äôs time to take the GUINNESS WORLD RECORDS‚Ñ¢ title for the longest vehicle drift in 8 hours. Please join BMW in commending World Record Driver Johan Schwartz, Refuel Driver Matt Mullins, and Refueler Matt Butts, for a triumphant performance. To learn more about the All-New M5, visit http://BMWUSA.com/M5",5,0.9741021476267822,0.0092474918202004,0.0006642305981663,1,Autos & Vehicles,great cars series
50,PoNWU2cox9w,2017-11-14 00:00:00,Inside Keanu Reeves' Custom Motorcycle Shop | WIRED,WIRED,2,2017-11-08 15:00:27,"keanu reeves|""keanu""|""the matrix""|""john wick""|""john wick 2""|""arch motorcycles""|""krgt-1""|""motorcycle""|""harley""|""chopper""|""norton""|""triumph""|""virtual reality""|""vr""|""htc vive""|""augmented realty""|""design""|""california cruiser""|""arch s1""|""arch 143""|""keanu reeves motorcycle""|""keanu reeves vr""|""vive""|""keanu motorcycle""|""keanu reeves cool""|""wired""|""arch""|""gard hollinger""|""keanu reeves interview""|""keanu reeves nice""|""bike""|""custom bike""|""custom motorcycle""|""oculus""|""motorcycle building""|""wired.com""",704363,16352,224,841,"Keanu Reeves gives Wired a tour of Arch Motorcycle, where he and co-founder Gard Hollinger build and design totally custom bikes with the help of virtual reality. Donning the HTC Vive, Keanu has the ability to look at prototypes of his bikes standing next to each other without actually building them. \n\nStill haven‚Äôt subscribed to WIRED on YouTube? ‚ñ∫‚ñ∫ http://wrd.cm/15fP7B7",5,0.9864864864864864,0.0235333201772381,0.0011939866233745,1,Autos & Vehicles,bike/motorcycle
51,VSVXhc5LlII,2017-11-20 00:00:00,"The Crazy 5,000hp Devel Sixteen is REAL! | FIRST LOOK",Shmee150,2,2017-11-14 18:00:02,"Devel|""Sixteen""|""Devel Sixteen""|""Hypercar""|""Drag Racer""|""5000hp""|""Crazy""|""Fast""|""Ridiculous""|""Insane""|""Dubai""|""UAE""|""Motorshow""|""Launch""|""Premiere""|""Dubai Motorshow""|""DIMS""|""Exclusive""|""Introduction""|""Intro""|""V16""|""5000bhp""|""Fastest""|""Top Speed""|""Record""|""Shmee""|""Shmee150""",451675,7014,579,1833,"It may be crazy, but it's happening! Four years after the surprise reveal and my hugely viral video, we're back for the presentation of the revised Devel Sixteen with a 12.3l V16 and quad turbochargers that is potentially capable of 5,000 horsepower... Just to double check you read that right, not 500, literally 5,000 with three zeros!\n\nTaking the philosophy of drag racer, the car has a hugely long wheelbase and comes with three various states of engine configuration; a 2,000hp V8 setup, a 3,000hp V8 racing level and then the full-hog 5,000hp quad turbo V16 if you want to go completely bonkers. With the presentation also featuring the original prototype, it was fun to be reunited but move focus to the latest version of a potential production concept. Equally on the stand we find the Devel 60; a 6-wheeler portal axle equipped monster of an off-roader. In this case powered by a 6.7l turbo diesel V8 with 720hp and over 1,000nm.\n\nEnzo Ferrari once said If you can dream, you can do it and the team behind Devel Sixteen aren't holding back in their quest to create the dream hypercar.\n\nThanks for watching, Tim\n\nSubscribe: http://bit.ly/Shmee150YT\nWebsite: http://www.shmee150.com\nFacebook: http://www.fb.com/shmee150\nInstagram: http://www.instagram.com/shmee150",5,0.9237455551165548,0.0168107599490784,0.0040582277079758,1,Autos & Vehicles,great cars series
52,PtPNGls_sUg,2018-01-21 00:00:00,Most Interesting Electric SUV at CES 2018,WHAT'S INSIDE? FAMILY,2,2018-01-15 15:50:05,"ces 2018|""byton""|""ces""|""electric cars""|""cars""|""ev""|""electric vehicle""|""ces 2018 electric cars""|""concept car""|""automotive""|""byton ces 2018""|""byton electric car""|""electric""|""byton ces""|""electric car""|""electric car news""|""tesla""|""byton suv""|""byton car""|""concept cars""|""e for electric""|""car tech""|""byton unveiling""|""byton vs tesla""|""byton concept""|""byton concept suv""|""electric suv""|""chinese""|""2018""|""future cars""|""byton concept ev""|""review""|""future""|""technology""|""tech""|""test""|""vehicles""",92161,2113,119,350,"The Byton Concept production aimed at late 2019 has potential to shake up the EV Market. Mercedes EQ car may come out first, here is our ride in that: https://youtu.be/vYZGKHc2zdY\n\nHere is another EV Car review from CES: https://youtu.be/iDzKzBVbfm8",5,0.94668458781362,0.0242184872125953,0.0037977018478532,1,Autos & Vehicles,great cars series
53,0Nip-J6u8C0,2018-01-21 00:00:00,Wallaby on Harbour Bridge,Business InsiderAu,2,2018-01-15 21:19:55,"Wallaby|""Australian wildlife""|""NSW police""|""Sydney""",13458,38,14,0,A rock wallaby crossed the Sydney Harbour Bridge early on January 16. It's believed to have come from a golf course on 3km away on the northern side of the bridge. Footage courtesy of the NSW Police,5,0.7307692307692307,0.0038638727894189,0.0,0,Autos & Vehicles,
54,9U2kr_QfhoQ,2017-12-13 00:00:00,Second-hand cars - transforming old Ford Mustangs into high-end watches,Ford Europe,2,2017-12-08 10:36:15,"yt:cc=on|""Ford Mustang""",13832,78,8,2,"REC Watches take Ford Mustangs that are beyond repair and give them a new lease of life, turning rusting hulks of metal in to stylish watches with a history and story worth dying for. http://ford.to/MustangWatch\n___\nFollow Ford Europe on social media: \n‚ñ∂ YouTube Sub' üëâ http://ford.to/FordEUsubscribe\n‚ñ∂ Collections üëâ http://ford.to/FordEUcollections\n‚ñ∂ Google+ üëâ http://ford.to/FordEuGooglePlus\n‚ñ∂ Instagram üëâ http://ford.to/FordEUgrams\n‚ñ∂ Twitter üëâ http://ford.to/FordEUtweets\n\nTake a look at the awesome REC watches Ford Mustang range: https://www.recwatches.com/collections/p51",4,0.9069767441860463,0.0062174667437825,0.0001445922498554,1,Autos & Vehicles,great cars series
55,SETyZLN0UmI,2017-12-22 00:00:00,The Next Century of Chevy Trucks Starts Here | Chevrolet,Chevrolet,2,2017-12-17 03:53:51,"Chevy|""Chevrolet""|""Chevy Trucks""|""Chevy Silverado""|""Texas Motor Speedway""|""Chevy Centennial""|""Next Generation Silverado""|""2019 Silverado""|""All New Silverado""",88143,621,80,193,"100 years, over 85 million trucks built, and it all leads up to this. To commemorate the ending of one era and the beginning of another, we brought our most loyal owners out to the Texas Motor Speedway for a celebration 100 years in the making.\n\nHere‚Äôs to the next 100. \n\nExplore the next-generation Silverado: http://www.chevrolet.com/upcoming-vehicles/all-new-2019-silverado\n\nConnect with Chevy: https://www.chevrolet.com \nFacebook:  https://www.facebook.com/chevytrucks  \nTwitter:  https://twitter.com/chevytrucks\nInstagram:  https://www.instagram.com/chevrolet/",4,0.8858773181169758,0.0079529854894886,0.0021896236797023,0,Autos & Vehicles,great cars series
56,ZXEmAGAV8kA,2018-01-20 00:00:00,Detroit Auto Show 2018: Press Day 1 - World debuts of new cars,Roadshow,2,2018-01-15 22:48:11,"Roadshow|""Detroit Auto Show""|""CNET.com""|""CNET Live""|""Roadshow Live""|""Brian Cooley""|""Tim Stevens""|""The Detroit Auto Show 2018""|""Auto Show 2018""|""NAIAS 2018""|""Car Tech""|""automobile tech""|""auto tech""|""self driving cars""|""car automation""|""luxury car technology""",56317,536,136,28,"Video starts at 11:24\nIt's the 201‚Äã8 Detroit Auto Show. Roadshow ‚Äãis here‚Äã, live streaming press conferences from 11 major carmakers: Lexus, RAM, BMW, VW, Nissan, Acura, Kia, Hyundai, Infiniti, Toyota and GAC. Our live coverage starts at 8:15 a.m. ET, hosted by Tim Stevens, editor-in-chief of Roadshow, and Brian Cooley, editor-at-large at CNET. So start your engines for Roadshow, powered by CNET -- you're going to want to stay tuned all day.\n\nSubscribe to Roadshow: http://bit.ly/1Z3Ff7G\nVisit us online at http://www.TheRoadshow.com\nTwitter @Roadshow : https://www.twitter.com/Roadshow\nIG @RoadshowAutos : https://www.instagram.com/RoadshowAutos\nFacebook: https://www.facebook.com/RoadshowAutos/",4,0.7976190476190477,0.0119324537883765,0.0004971855745156,0,Autos & Vehicles,great cars series
57,8U-7F0QfLCE,2018-01-21 00:00:00,2019 Toyota Avalon ‚Äì Redline: First Look ‚Äì 2018 NAIAS,Redline Reviews,2,2018-01-16 03:38:12,"2019 Toyota Avalon|""Toyota Avalon""|""Toyota""|""Avalon""|""sofyan bey""|""redline""|""redline reviews""|""2theredline""|""2theredlinellc""|""naias""|""2018 naias""",125806,1851,96,635,"With full-size sedan sales dropping over the years, an all-new Avalon is certainly a shocker this year. This 2019 version switches over to the wonderful tNGA platform as the Camry and introduces sleek styling that has never been seen on any Avalon. It should do well for Toyota sedan shoppers looking for a bit more than a Camry.",4,0.950693374422188,0.0154762094017773,0.0050474540165015,1,Autos & Vehicles,great cars series
58,OblwxqKPyLg,2018-02-04 00:00:00,Ref to the Rescue | 2018 Kona | Hyundai NFL Super Bowl LII,HyundaiUSA,2,2018-01-30 15:48:51,"Hyundai|""Hyundai Kona""|""new Hyundai Kona""|""Kona""|""red Kona""|""SUV""|""small SUV""|""first-ever Hyundai Kona""|""Hyundai Blue Link""|""Kona Blue Link""|""Hyundai tech""|""Super Bowl LLI""|""Tinny Legs""|""Super Bowl Commercial""|""2018 Super Bowl""|""Red Card""|""High Five""|""POI Search""|""Point of Interest""|""Ref""|""Referee""|""Search""|""soccer""|""kids""|""parents""|""red cards""|""red card""|""super bowl""|""super bowl 52""|""game over""|""save the day""|""charley‚Äôs sports grill""|""too cute""|""you know what you did""|""twins""|""can‚Äôt tell them apart either""|""NFL""",1314567,230,34,40,"This is for all the parents who want to be in two places at once ‚Äì and how a special referee and his Hyundai Kona became the unlikely hero that came in and saved the day. The first-ever Hyundai Kona SUV.\n\nLearn more at: https://hyundaius.co/2GrpoZQ\n\nConnect with Hyundai online.\nWebsite: https://www.hyundaiusa.com\nFacebook: https://www.facebook.com/Hyundai/ \nTwitter: https://twitter.com/Hyundai \nInstagram: https://www.instagram.com/hyundaiusa/?hl=en\nSubscribe to Hyundai on YouTube for more of our how-to‚Äôs, commercials and latest videos: https://www.youtube.com/user/HyundaiUSA",4,0.8712121212121212,0.0002008265839626,3.042827029736788e-05,0,Autos & Vehicles,great cars series
59,AhIh8lLYzLo,2018-01-19 00:00:00,2019 Chevrolet Silverado First Look - 2018 Detroit Auto Show,AutoGuide.com,2,2018-01-14 18:47:08,"AutoGuide|""Car""|""Automotive""|""Automobile (industry)""|""Drive""|""vehicle""|""Chevrolet""|""Silverado""|""Chevrolet SIlverado""|""Truck""|""Chevy""|""Chevy Silverado""|""Chevrolet Truck""|""Pickup Truck""|""Pickup""|""Trucks""|""Silverado debut""|""2019 Chevrolet Silverado""|""New Silverado""|""Chevy Pickup""|""Detroit Auto Show""|""2018 Detroit Auto Show""|""NAIAS""|""2018 NAIAS""|""New Truck""|""Silverado First Look""|""Duramax""|""Silverado Diesel""|""GM""|""General Motors""",61652,533,74,301,"The 2019 Chevrolet Silverado has made its official debut, dropping 450 lbs over the outgoing model and adding a diesel engine option.\n\nAvailable engines for the all-new Silverado include heavily updated versions of the 5.3-liter and 6.2-liter Small Block, along with an all-new 3.0-liter inline-six Duramax diesel engine. General Motors didn‚Äôt share details on the diesel‚Äôs power output, but head of GM product development, Mark Reuss, assured us it would be more powerful than Ford‚Äôs new diesel in the F-150. The diesel and the 6.2 will be available with GM‚Äôs new Hydramatic 10-speed automatic transmission, while the 5.3 will come with the eight-speed.\n\nThe significant 450 lbs in weight savings come thanks to the use of aluminum in the hood, doors and rear liftgate. The vehicle‚Äôs ‚Äòsafety cage‚Äô also uses seven different grades of steel to offer a good mix of lightness and strength. Furthermore, the front upper control arms are made of aluminum, while the rear springs are made of a new carbon-composite material, which shaves more pounds from the pickup.\n\nSubscribe\nhttp://www.youtube.com/subscription_center?add_user=AutoGuideVideo\n\nYouTube - http://www.youtube.com/user/AutoguideVideo\nFacebook - http://facebook.com/AutoGuide\nTwitter - http://twitter.com/AutoGuide\nGoogle+ - http://goo.gl/LBxsP\nWeb - http://www.AutoGuide.com\n\nAutoGuide reviews the latest new cars with test drives, car comparisons and shootouts plus coverage of breaking auto industry news, auto shows, rumors and spy photos. Help shop for your new car with informative car buying tips and car recall news, and be entertained with feature stories, Top 10s and car review videos.",4,0.8780889621087314,0.0098455848958671,0.0048822422630247,0,Autos & Vehicles,great cars series
60,qxVQ7ZEG1RU,2018-01-09 00:00:00,New Year's Eve Penske Peel at the 11foot8 bridge,yovo68,2,2018-01-04 00:46:33,"11foot8|""low clearance crash""|""truck crash""|""train trestle""|""Durham""",380530,3836,187,2034,"On New Year's Eve 2017, the bridge got another holiday feast, peeling the top off another Penske rental truck. The driver left the scene of the accident after a few Minutes and left the busted truck sitting there in the middle of a busy city road without hazard lights on or any attempt at securing the accident. Later, the Police had to extract the truck from under the bridge. Not sure what the deal was with that.",4,0.9535172756649268,0.0105720968123406,0.0053451764644049,1,Autos & Vehicles,accident
61,FvoPOdop0hA,2017-11-21 00:00:00,Small Truck VS  Strong Wind,Video Library,2,2017-11-16 15:02:36,"2017|""trending""|""Featured""|""Trucks""|""viralhog""|""Weather""|""Croatia""|""windy""|""small""|""truck""|""strong""|""driving""|""blow""",13659,7,2,5,"Occurred on November 12, 2017 / Bakar, Croatia\n\nThe driver of small truck went through event when that section of road was closed for trucks due to extreme wind, but manages to hold its truck on two wheels and not tip it on the side.\n\nVideographer: Daniel Draca\n\n\nTO SEE THE HOTTEST VIRAL VIDEOS DAILY...\nSubscribe to us on YouTube: https://goo.gl/A0gBKk\nLike us on Facebook: https://goo.gl/XQWqJt\nFollow us on Instagram: https://goo.gl/NMq8dl\nFollow us on Twitter: https://goo.gl/pF8Xop\n\nViralHog is the resource for the best viral content.  \nSubmit your own great video and make money: https://goo.gl/yejGkm\n\nContact licensing@viralhog.com to license this or any ViralHog video.",4,0.7777777777777778,0.0006589062156819,0.0003660590087122,0,Autos & Vehicles,accident
62,oB3SAI2oCqk,2017-11-14 00:00:00,Caterham Chris Hoy 60 Second Donut Challenge,Caterham Cars,2,2017-11-09 09:59:31,"Caterham|""Chris Hoy""|""Caterham Seven""|""Avon Tyres""|""Caterham 7""|""Seven 620R""|""Caterham 620R""",4850,22,1,1,"Olympic legend Sir Chris Hoy is no stranger when it comes to record-breaking achievements on two wheels, but now the Scot can lay claim to his first record on four wheels.  Joining Caterham to celebrate 60 years of the Seven, Sir Chris took on the ‚Äò60 Second Donut Challenge‚Äô at Donington Park. Watch to find out how many he completed.\n\nTo find out more about Caterham visit: https://tinyurl.com/ybvgpbfq",4,0.9565217391304348,0.0047422680412371,0.0002061855670103,1,Autos & Vehicles,
63,kIUHDwn51y8,2017-11-18 00:00:00,Evolution of the Jeep 4x4 Utility Vehicle | Donut Media,Donut Media,2,2017-11-13 15:00:05,"Jeep|""jeep wrangler""|""jeep 4x4""|""jeep cj""|""cj-7""|""cj-5""|""jeep renagade""|""wrangler""|""off-roading""|""four wheel drive""|""4x4""|""lifted truck""|""utility vehicle""|""military vehicle""|""rock crawling""|""desert racing""|""camping vehicle""|""jeep sahara""|""lifted jeep""|""mudding""|""sand dunes""|""hunting""|""fishing""|""camping""|""classic car""|""evolution""",136837,2504,39,505,"The original 4x4 utility vehicle by Jeep.  \n\nFirst manufactured during World War II, it evolved post-war into the civilian Jeep CJ, and inspired both an entire category of recreational 4WDs and several generations of military light utility vehicles.\n\nWhat's your favorite Jeep?  The Willy? The CJ? The Wrangler? Let us know in the comments below! \n\nIt premiered at the World's Fair in 1917 and has evolved into perhaps the most iconic, legendary, and well-known car of all time. It's looked great (Mach 1), bad (Mustang 2), boxy (Foxbody), round (sn-95), and now--arguably--back to great again. \n\nWhat's your favorite Mustang? The classic fastback? The agro notchback? The SVT cobra? The new mustang? What about the new new mustang?\n\nCheck out more Donut Media Videos: https://youtu.be/Pz8IGLgFE2s?list=PLFl907chpCa7c7xUVrvc6iXv-kWfvIdHU\n\nSome of our best videos ever are coming out soon, stay tuned so you won't miss a thing!\n‚ñ∫Subscribe here: http://bit.ly/1JQ3qvO\n\nLike us on Facebook: https://www.facebook.com/donutmedia/\n\nClick here if you want to learn more about Donut Media: http://www.donut.media/\n\nDonut Media is at the center of digital media for the next generation of automotive and motorsports enthusiasts. We are drivers, drifters, and car enthusiasts who love to tell stories.",4,0.9846637829335432,0.0185841548703932,0.003690522300255,1,Autos & Vehicles,great cars series
64,JuUi12XbalE,2017-12-17 00:00:00,"How a $4,550 Bespoke Bicycle is Made",Bloomberg,2,2017-12-13 14:54:32,"Bicycles|""bloomberg""|""business news""|""Cycling""|""Bike racing""|""custom bikes""|""vintage""|""hand-crafted""|""gifts""|""handmade""|""MADE""|""documentary""|""dorset""|""UK""|""England""",28308,436,55,49,"In a small workshop on the south coast of England, Sven Cycles makes dream bicycles that last a lifetime. \n\nMADE is a series of simple, lovely short films that demonstrate how everyday luxury objects are created. \n\nVideo by Leila Hussain\n\n----------\nLike this video? Subscribe to Bloomberg on YouTube: http://www.youtube.com/Bloomberg?sub_confirmation=1\nBloomberg is the First Word in business news, delivering breaking news & analysis, up-to-the-minute market data, \nfeatures, profiles and more: http://www.bloomberg.com\nConnect with us on...\nTwitter: https://twitter.com/business\nFacebook: https://www.facebook.com/bloombergbusiness\nInstagram: https://www.instagram.com/bloombergbusiness/\n\nView and Add Comments                                                                                                                         0 Comments",3,0.8879837067209776,0.0173449201639112,0.0017309594460929,0,Autos & Vehicles,bike/motorcycle
65,SlbY1tGARUA,2018-02-09 00:00:00,"Official Ram Trucks Super Bowl Commercial | Dr. Martin Luther King, Jr. | Built to Serve",Ram Trucks,2,2018-02-05 00:45:18,"Built To Serve|""Ram Serve""|""Sunday Service""|""MLK Speech""|""MLK Super Bowl Commercial""|""MLK Super Bowl Ad""|""Martin Luther King Commercial""|""Martin Luther King Jr""|""MLK Jr Ad""|""MLK Video""|""MLK Commercial""|""Truck Speech Commercial""|""Ram 1500""|""Ram Trucks""|""2019 Ram 1500""|""Dodge Ram""|""Ram Pickup""|""Ram Super Bowl""|""Ram SB""|""Ram Super Bowl Commercial""|""Super Bowl""|""SB LII Commercial""|""2019 Super Bowl""|""New Ram Commercial""|""Ram Official Super Bowl Commercial""|""Ram Official Super Bowl Ad""",2294097,5503,12290,2595,"In the spirit of Dr. Martin Luther King, Jr., Ram truck owners also believe in a life of serving others.\n\nThey serve because they‚Äôre driven by a higher calling. They serve because they feel a shared responsibility and commitment to their family and community. They serve because they‚Äôre men and women of their word. They serve because they know the world could use a little more kindness.\n\n\n\n\nWith legendary power, performance and dependability, we‚Äôre determined to work hard and play even harder, boldly forging ahead to get the job done. \nIf you have questions about our products or would like to contact Ram Trucks directly, please use the Contact Us option from our website: www.ramtrucks.com\n\nSubscribe to the Ram Trucks YouTube channel: https://www.youtube.com/ramtrucks \n\nFollow Ram Trucks on Social:\n‚Ä¢ Facebook: http://facebook.com/ramtrucks \n‚Ä¢ Twitter: http://twitter.com/ramtrucks \n‚Ä¢ Instagram: https://instagram.com/ramtrucks/ \n‚Ä¢ Tumblr: http://ramtrucks.tumblr.com/ \n‚Ä¢ RamZone Blog: http://blog.ramtrucks.com/",3,0.3092789299162592,0.007755992880859,0.00113116402663,0,Autos & Vehicles,great cars series
66,Hy71N2OSGZA,2018-01-13 00:00:00,World premiere of the new Mercedes-Benz User Experience MBUX,Mercedes-Benz,2,2018-01-09 20:37:02,"mercedes-benz|""world premiere""|""CES Las Vegas""",44216,929,33,74,Missed our #CES2018 press conference and the new infotainment system MBUX ? Here you can watch it in full length again.\n01:04 Ola K√§llenius\n08:15 Gorden Wagener\n16:29 Sajjad Khan\n18:26 MBUX Video,3,0.9656964656964656,0.0217568301067486,0.0016736023159037,1,Autos & Vehicles,great cars series
67,pjuPpVLXDQg,2017-11-16 00:00:00,Train Swipes Parked Vehicle,ViralHog,2,2017-11-13 00:46:11,"2017|""viralhog""|""Crash""|""Fail""|""Featured""|""train""|""swipe""|""crashes""|""destroy""|""destroys""|""vehicle""|""parked""|""car""|""truck""|""Vietnam""|""accident""|""collision""|""trending""",100120,154,15,48,"Occurred on November 10, 2017 / Ha Noi, Vietnam\n\nWhen walking my dog on the street, I saw a train coming up to the truck parked by the trail. However, the truck driver sitting on the pavement opposite to the trail didn't do anything when hearing the horn from the train. As a result, the truck was destroyed by the train.\n\n\nTO SEE THE HOTTEST VIRAL VIDEOS DAILY...\nSubscribe to us on YouTube: https://goo.gl/A0gBKk\nLike us on Facebook: https://goo.gl/XQWqJt\nFollow us on Instagram: https://goo.gl/NMq8dl\nFollow us on Twitter: https://goo.gl/pF8Xop\n\nViralHog is the resource for the best viral content.  \nSubmit your own great video and make money: https://goo.gl/yejGkm\n\nContact licensing@viralhog.com to license this or any ViralHog video.",2,0.9112426035502958,0.0016879744306831,0.0004794246903715,1,Autos & Vehicles,accident
